Coefficient,StandardError
-1.07914419584815,NaN
1.35754003170374,NaN
0.394762547331756,NaN
0.338497544069452,NaN
