Coefficient,StandardError
-0.771128377837163,NaN
1.00666206830983,NaN
0.0267278307199815,NaN
0.00395099391787148,NaN
